Auction Date,Property Address,Final Judgment,Assessed Value,Plaintiff Max Bid,Case #,Parcel ID,Case Link,Parcel Link
07/30/2026 11:00 AM ET,"1520 EDENHALL PT LAKE MARIE, FL- 32746","$1,503,600.20","$981,517.00",Hidden,2019CA003883,35-19-29-5QF-0000-0060,https://seminole.realforeclose.com//index.cfm?zaction=auction&zmethod=details&AID=2019CA003883&bypassPage=1,https://pcpao.gov/Parcel-Details/35-19-29-5QF-0000-0060
08/04/2026 11:00 AM ET,"PARCEL ON 3RD ST OVIEDO, FL- 32765",$0.00,"$18,387.00",Hidden,2023CA003968,10-21-31-514-0000-0240,https://seminole.realforeclose.com//index.cfm?zaction=auction&zmethod=details&AID=2023CA003968&bypassPage=1,https://pcpao.gov/Parcel-Details/10-21-31-514-0000-0240
08/04/2026 11:00 AM ET,"250 RAINTREE DR CASSELBERRY, FL- 32707","$324,241.13","$239,366.00","$15,795.55",2024CA001701,Property,https://seminole.realforeclose.com//index.cfm?zaction=auction&zmethod=details&AID=2024CA001701&bypassPage=1,https://pcpao.gov/Parcel-Details/Property
08/04/2026 11:00 AM ET,"860 CHARLOTTE ST LONGWOOD, FL- 32750","$500,080.25","$519,705.00",Hidden,2025CA000399,01-21-29-5CK-730H-0090,https://seminole.realforeclose.com//index.cfm?zaction=auction&zmethod=details&AID=2025CA000399&bypassPage=1,https://pcpao.gov/Parcel-Details/01-21-29-5CK-730H-0090
08/04/2026 11:00 AM ET,"508 BOXELDER AVE ALTAMONTE SPRINGS, FL- 32714","$333,503.75","$222,206.00",Hidden,2025CA002236,10-21-29-515-0000-1300,https://seminole.realforeclose.com//index.cfm?zaction=auction&zmethod=details&AID=2025CA002236&bypassPage=1,https://pcpao.gov/Parcel-Details/10-21-29-515-0000-1300
08/06/2026 11:00 AM ET,"700 DRYWOOD AVE FERN PARK, FL- 32730","$21,056.14","$221,780.00",Hidden,2025CA000979,20-21-30-528-0000-1710,https://seminole.realforeclose.com//index.cfm?zaction=auction&zmethod=details&AID=2025CA000979&bypassPage=1,https://pcpao.gov/Parcel-Details/20-21-30-528-0000-1710
08/06/2026 11:00 AM ET,"133 EASTERN FORK LONGWOOD, FL- 32750","$249,937.37","$255,985.00",Hidden,2025CA001818,36-20-29-508-0X00-0220,https://seminole.realforeclose.com//index.cfm?zaction=auction&zmethod=details&AID=2025CA001818&bypassPage=1,https://pcpao.gov/Parcel-Details/36-20-29-508-0X00-0220
08/06/2026 11:00 AM ET,"2417 MARSHALL AVE SANFORD, FL- 32771","$329,519.25","$196,019.00",Hidden,2025CA001895,36-19-30-524-0600-0010,https://seminole.realforeclose.com//index.cfm?zaction=auction&zmethod=details&AID=2025CA001895&bypassPage=1,https://pcpao.gov/Parcel-Details/36-19-30-524-0600-0010
08/11/2026 11:00 AM ET,"190 VELVETEEN PL CHULUOTA, FL- 32766","$11,377.22","$246,870.00",Hidden,2023CC005751,21-21-32-506-0000-0110,https://seminole.realforeclose.com//index.cfm?zaction=auction&zmethod=details&AID=2023CC005751&bypassPage=1,https://pcpao.gov/Parcel-Details/21-21-32-506-0000-0110
08/11/2026 11:00 AM ET,"1022 SILCOX BRANCH CIR OVIEDO, FL- 32765","$36,116.29","$278,496.00",Hidden,2025CA000344,23-21-31-512-0000-0700,https://seminole.realforeclose.com//index.cfm?zaction=auction&zmethod=details&AID=2025CA000344&bypassPage=1,https://pcpao.gov/Parcel-Details/23-21-31-512-0000-0700
08/18/2026 11:00 AM ET,"1810 PINE OAK TRL SANFORD, FL- 32773","$318,308.58","$220,112.00",Hidden,2025CA001015,18-20-31-509-0000-0340,https://seminole.realforeclose.com//index.cfm?zaction=auction&zmethod=details&AID=2025CA001015&bypassPage=1,https://pcpao.gov/Parcel-Details/18-20-31-509-0000-0340
08/20/2026 11:00 AM ET,"1025 BUCKSAW PL LONGWOOD, FL- 32750","$550,106.10","$429,563.00",Hidden,2023CA004030,31-20-30-5JG-0000-0530,https://seminole.realforeclose.com//index.cfm?zaction=auction&zmethod=details&AID=2023CA004030&bypassPage=1,https://pcpao.gov/Parcel-Details/31-20-30-5JG-0000-0530
08/20/2026 11:00 AM ET,"556 LAKE WILDMERE CV LONGWOOD, FL- 32750","$317,014.55","$225,351.00",Hidden,2024CA000965,05-21-30-532-0000-0060,https://seminole.realforeclose.com//index.cfm?zaction=auction&zmethod=details&AID=2024CA000965&bypassPage=1,https://pcpao.gov/Parcel-Details/05-21-30-532-0000-0060
08/20/2026 11:00 AM ET,"919 GREAT BEND RD ALTAMONTE SPRINGS, FL- 32714","$238,517.84","$304,614.00",Hidden,2024CA001430,10-21-29-507-0000-0020,https://seminole.realforeclose.com//index.cfm?zaction=auction&zmethod=details&AID=2024CA001430&bypassPage=1,https://pcpao.gov/Parcel-Details/10-21-29-507-0000-0020
08/20/2026 11:00 AM ET,"5781 AUTUMN CHASE CIR SANFORD, FL- 32773","$348,132.32","$414,170.00",Hidden,2024CA002016,23-20-30-503-0000-0400,https://seminole.realforeclose.com//index.cfm?zaction=auction&zmethod=details&AID=2024CA002016&bypassPage=1,https://pcpao.gov/Parcel-Details/23-20-30-503-0000-0400
08/20/2026 11:00 AM ET,"224 S ABERDEEN CIR SANFORD, FL- 32773","$6,049,491.79","$314,755.00",Hidden,2025CA000060,MULTIPLE,https://seminole.realforeclose.com//index.cfm?zaction=auction&zmethod=details&AID=2025CA000060&bypassPage=1,https://pcpao.gov/Parcel-Details/MULTIPLE
08/20/2026 11:00 AM ET,"205 YALE DR SANFORD, FL- 32771","$69,796.95","$175,698.00",Hidden,2025CA000244,35-19-30-523-0000-0480,https://seminole.realforeclose.com//index.cfm?zaction=auction&zmethod=details&AID=2025CA000244&bypassPage=1,https://pcpao.gov/Parcel-Details/35-19-30-523-0000-0480
08/20/2026 11:00 AM ET,"482 CARINA CIR SANFORD, FL- 32773","$20,606.45","$236,609.00",Hidden,2025CA000307,07-20-31-513-0000-0130,https://seminole.realforeclose.com//index.cfm?zaction=auction&zmethod=details&AID=2025CA000307&bypassPage=1,https://pcpao.gov/Parcel-Details/07-20-31-513-0000-0130
08/20/2026 11:00 AM ET,"1325 ROTONDA PT LAKE MARY, FL- 32746","$24,688.70","$136,300.00",Hidden,2025CA000962,13-20-29-514-1000-3250,https://seminole.realforeclose.com//index.cfm?zaction=auction&zmethod=details&AID=2025CA000962&bypassPage=1,https://pcpao.gov/Parcel-Details/13-20-29-514-1000-3250
08/20/2026 11:00 AM ET,"302 S OAK AVE SANFORD, FL- 32771","$976,849.85","$321,803.00",Hidden,2025CA001791,25-19-30-5AG-0505-0010,https://seminole.realforeclose.com//index.cfm?zaction=auction&zmethod=details&AID=2025CA001791&bypassPage=1,https://pcpao.gov/Parcel-Details/25-19-30-5AG-0505-0010
08/25/2026 11:00 AM ET,"936 RED FOX RD ALTAMONTE SPRINGS, FL- 32714","$68,403.00","$187,511.00",Hidden,2025CA002834,11-21-29-518-0000-0460,https://seminole.realforeclose.com//index.cfm?zaction=auction&zmethod=details&AID=2025CA002834&bypassPage=1,https://pcpao.gov/Parcel-Details/11-21-29-518-0000-0460
08/27/2026 11:00 AM ET,"58 BUTTONWOOD AVENUE WINTER SPRINGS, FL- 32708","$49,380.89","$219,387.00",Hidden,2016CA000953,Property,https://seminole.realforeclose.com//index.cfm?zaction=auction&zmethod=details&AID=2016CA000953&bypassPage=1,https://pcpao.gov/Parcel-Details/Property
08/27/2026 11:00 AM ET,"1007 SUNSHINE LN ALTAMONTE SPRINGS, FL- 32714","$1,413,798.00","$402,291.00",Hidden,2024CA002404,Property,https://seminole.realforeclose.com//index.cfm?zaction=auction&zmethod=details&AID=2024CA002404&bypassPage=1,https://pcpao.gov/Parcel-Details/Property
08/27/2026 11:00 AM ET,"4154 LOOKING GLASS PL SANFORD, FL- 32771","$4,605,371.83","$301,143.00",Hidden,2025CA001533,33-19-31-5VH-0000-0930,https://seminole.realforeclose.com//index.cfm?zaction=auction&zmethod=details&AID=2025CA001533&bypassPage=1,https://pcpao.gov/Parcel-Details/33-19-31-5VH-0000-0930
09/03/2026 11:00 AM ET,"210 CLEAR LAKE CIR SANFORD, FL- 32773","$187,137.27","$235,576.00",Hidden,2025CA001862,02-20-30-5GJ-0000-1000,https://seminole.realforeclose.com//index.cfm?zaction=auction&zmethod=details&AID=2025CA001862&bypassPage=1,https://pcpao.gov/Parcel-Details/02-20-30-5GJ-0000-1000
09/03/2026 11:00 AM ET,"1324 S SUMMERLIN AVE SANFORD, FL- 32771","$260,334.26","$67,208.00",Hidden,2025CA002400,31-19-31-501-0C00-0130,https://seminole.realforeclose.com//index.cfm?zaction=auction&zmethod=details&AID=2025CA002400&bypassPage=1,https://pcpao.gov/Parcel-Details/31-19-31-501-0C00-0130
09/10/2026 11:00 AM ET,"1255 GUINEVERE DR CASSELBERRY, FL- 32707","$104,058.23","$282,460.00",Hidden,2023CA004077,15-21-30-5BW-0G00-0010,https://seminole.realforeclose.com//index.cfm?zaction=auction&zmethod=details&AID=2023CA004077&bypassPage=1,https://pcpao.gov/Parcel-Details/15-21-30-5BW-0G00-0010
09/10/2026 11:00 AM ET,"5975 SHERLY ANITA ST OVIEDO, FL- 32765","$264,163.62","$231,745.00",Hidden,2024CA001546,31-21-31-504-0000-0090,https://seminole.realforeclose.com//index.cfm?zaction=auction&zmethod=details&AID=2024CA001546&bypassPage=1,https://pcpao.gov/Parcel-Details/31-21-31-504-0000-0090
09/15/2026 11:00 AM ET,"1228 W 13TH PL SANFORD, FL- 32771","$189,094.40","$624,433.00",Hidden,2024CA002388,Property,https://seminole.realforeclose.com//index.cfm?zaction=auction&zmethod=details&AID=2024CA002388&bypassPage=1,https://pcpao.gov/Parcel-Details/Property
09/22/2026 11:00 AM ET,"136 CROWN COLONY WAY SANFORD, FL- 32771","$6,577.61","$392,558.00",Hidden,2025CA001137,33-19-30-5QS-0000-0230,https://seminole.realforeclose.com//index.cfm?zaction=auction&zmethod=details&AID=2025CA001137&bypassPage=1,https://pcpao.gov/Parcel-Details/33-19-30-5QS-0000-0230
09/22/2026 11:00 AM ET,"2657 BULLION LOOP SANFORD, FL- 32771","$452,973.79","$369,115.00",Hidden,2025CA001957,34-19-31-501-0000-2040,https://seminole.realforeclose.com//index.cfm?zaction=auction&zmethod=details&AID=2025CA001957&bypassPage=1,https://pcpao.gov/Parcel-Details/34-19-31-501-0000-2040
09/22/2026 11:00 AM ET,"1125 SHADOWBROOK TRL WINTER SPRINGS, FL- 32708","$539,920.37","$332,602.00",Hidden,2025CA002094,02-21-30-509-0000-1930,https://seminole.realforeclose.com//index.cfm?zaction=auction&zmethod=details&AID=2025CA002094&bypassPage=1,https://pcpao.gov/Parcel-Details/02-21-30-509-0000-1930
09/24/2026 11:00 AM ET,"1870 CROWLEY CIR E LONGWOOD, FL- 32779","$732,940.91","$671,154.00",Hidden,2023CA003090,24-20-29-501-0000-1770,https://seminole.realforeclose.com//index.cfm?zaction=auction&zmethod=details&AID=2023CA003090&bypassPage=1,https://pcpao.gov/Parcel-Details/24-20-29-501-0000-1770
09/24/2026 11:00 AM ET,"513 POLARIS LOOPAPT 109 CASSELBERRY, FL- 32707","$193,805.79","$46,859.00",Hidden,2025CA001854,21-21-30-522-0000-07C0,https://seminole.realforeclose.com//index.cfm?zaction=auction&zmethod=details&AID=2025CA001854&bypassPage=1,https://pcpao.gov/Parcel-Details/21-21-30-522-0000-07C0
09/24/2026 11:00 AM ET,"225 ALMADEN CT WINTER SPRINGS, FL- 32708","$215,435.48","$197,893.00",Hidden,2025CA002000,02-21-30-5JF-0A00-0210,https://seminole.realforeclose.com//index.cfm?zaction=auction&zmethod=details&AID=2025CA002000&bypassPage=1,https://pcpao.gov/Parcel-Details/02-21-30-5JF-0A00-0210
10/06/2026 11:00 AM ET,"1187 SAWMILL CT WINTER PARK, FL- 32792","$116,031.05","$121,094.00",Hidden,2023CA002525,26-21-30-509-0000-0170,https://seminole.realforeclose.com//index.cfm?zaction=auction&zmethod=details&AID=2023CA002525&bypassPage=1,https://pcpao.gov/Parcel-Details/26-21-30-509-0000-0170
10/06/2026 11:00 AM ET,"387 GEORGIA AVE LONGWOOD, FL- 32750","$217,227.62","$313,937.00",Hidden,2024CA001191,32-20-30-504-0A00-0170,https://seminole.realforeclose.com//index.cfm?zaction=auction&zmethod=details&AID=2024CA001191&bypassPage=1,https://pcpao.gov/Parcel-Details/32-20-30-504-0A00-0170
10/06/2026 11:00 AM ET,"150 W 11TH ST CHULUOTA, FL- 32766","$565,995.29","$336,034.00",Hidden,2025CA000427,21-21-32-5CF-8600-0130,https://seminole.realforeclose.com//index.cfm?zaction=auction&zmethod=details&AID=2025CA000427&bypassPage=1,https://pcpao.gov/Parcel-Details/21-21-32-5CF-8600-0130
10/08/2026 11:00 AM ET,"720 MEADOW ST SANFORD, FL- 32773","$369,515.71","$150,766.00",Hidden,2025CA001745,10-20-30-300-019I-0000,https://seminole.realforeclose.com//index.cfm?zaction=auction&zmethod=details&AID=2025CA001745&bypassPage=1,https://pcpao.gov/Parcel-Details/10-20-30-300-019I-0000
11/17/2026 11:00 AM ET,"1285 BUNNELL RD ALTAMONTE SPRINGS, FL- 32714","$523,098.46","$400,952.00","$523,098.46",2025CA000909,17-21-29-5BG-0000-057B,https://seminole.realforeclose.com//index.cfm?zaction=auction&zmethod=details&AID=2025CA000909&bypassPage=1,https://pcpao.gov/Parcel-Details/17-21-29-5BG-0000-057B
